date,a,b,c
2020-01-01,0.020135152214319038,-0.49902896445053063,-1.2380120529147052
2020-01-02,0.3866970399356443,0.8590780078039641,-0.13245003415134982
2020-01-03,-1.0681202272947814,-1.3504769356746655,0.5858037535569774
2020-01-04,0.29570043282712927,0.9243234468675581,0.9522063163911467
2020-01-05,0.20037650713273325,0.12458514925574037,0.5109454808206946
2020-01-06,-0.13101509898331848,-0.3815438031245647,-1.0565776227778303
2020-01-07,1.026604740920596,-0.8575237379153544,-0.4517481510771059
2020-01-08,-1.6272224027911235,-1.967467391253365,1.1382048134192244
2020-01-09,0.2987349616229495,-0.4261090569827202,0.8460523231768141
2020-01-10,0.28836853068329055,0.817472491988576,-1.1468266201371737
2020-01-11,-0.27960153410991745,0.5935008762071226,-0.09582520352251685
2020-01-12,-0.5991475292066307,0.4940172169416016,0.08887752340369791
2020-01-13,-0.7807368238017757,-0.7324685860558071,-0.5614327537993539
2020-01-14,0.26666551040439973,-2.530448146108607,-1.3782634057388996
2020-01-15,-0.5129558313209219,0.6021235399313665,1.003934164815711
2020-01-16,-0.1945914131570855,-0.6164843785950997,1.5966270752644123
2020-01-17,1.3961148988339986,0.021661247221446734,0.22881860258437456
2020-01-18,0.7613720397010457,0.3165944182139196,0.8016442752852085
2020-01-19,-0.06769404280484932,0.45661540147922514,1.035206901350179
2020-01-20,-1.098999521787722,-0.634471271734239,1.1561667281869066
2020-01-21,-1.0094058325831152,-0.844593007596103,-0.19627304980907456
2020-01-22,1.934655551812642,0.8526503375727671,-0.05603595828438189
2020-01-23,0.4285456970233091,-0.43330831125997765,-0.9574026240809733
2020-01-24,0.49509604252327744,0.3178913976375466,-0.6421046371787474
2020-01-25,2.880367019075123,0.306535416778532,-0.5348190718983012
2020-01-26,-0.07742342354599899,0.7158995154636785,-0.8230546381767518
2020-01-27,0.3758676572087591,-0.010400339981067746,-1.9991921981268894
2020-01-28,-0.36261171590817154,-0.3656105799458942,-0.5647450801901641
2020-01-29,-0.21527301905731125,1.2006210090477683,-1.0905911851310046
2020-01-30,0.012045707053985685,0.3488631235409209,-0.3684322837562637
2020-01-31,1.0129116106493703,1.167043393027374,-0.5414804072823064
2020-02-01,-1.6349122742382103,1.6803710562837684,0.8637612786692407
2020-02-02,-0.3043133218908881,-1.4673917677306498,-0.16100786013883353
2020-02-03,0.08713302917582982,-0.060920080107198474,-0.44066012174195346
2020-02-04,-1.7147765730146074,-2.2556404590583012,0.21664764188497684
2020-02-05,0.6934276788890119,-0.42403371789117117,0.7892592469256169
2020-02-06,0.37535132400443133,-0.5005815715799111,0.7756901413351779
2020-02-07,-0.5403402459109552,0.29983849315119554,-0.02931749905081679
2020-02-08,0.4190343997649138,-0.5390465801762483,-1.0957349504362768
2020-02-09,-2.248446515668308,-0.8379107606663873,-1.9071544647552365
2020-02-10,1.3062510367868025,0.43908934102763936,-2.225097073643258
2020-02-11,-0.6369746803201265,0.07791196628039548,-1.3108088206770512
2020-02-12,-0.2701511024570884,-0.5025677487274266,0.8893727723639308
2020-02-13,-0.1850572912550495,-0.04725157111719012,-0.7835220489901225
2020-02-14,1.2320856852194513,0.0782122122557444,0.40947857679006744
2020-02-15,-1.1084549198215699,-0.6749738311001624,1.647120876127834
2020-02-16,-0.8991835732724429,-2.380306003318352,1.7118684391635772
2020-02-17,0.36543334369850206,0.044170065454671864,-1.2018575576151163
2020-02-18,2.374906259390251,-0.9519287472098246,1.780444796949958
2020-02-19,-0.5342952761058574,-1.7503613786290182,-0.6129608094921264
2020-02-20,0.34073756769419994,2.1855894600589836,-1.1035988691820764
2020-02-21,0.9440129579688809,-0.7254511783564154,0.2784210254727395
2020-02-22,-0.28624519014564476,1.1738910116696444,-1.2989598279041121
2020-02-23,-0.5648711675502694,-1.014541889054661,-0.7649038061290904
2020-02-24,0.8392585659083901,1.0563412737343856,-0.4508425536676624
2020-02-25,0.3768409202000201,-1.9432589020309736,-1.0208816989123277
2020-02-26,-0.08839339295322206,0.24553751140562238,-0.2277464516424306
2020-02-27,-1.8434742172424838,-0.592196893466819,0.8686267807193677
2020-02-28,-0.3893811662820778,0.8197981793405659,-0.5878457914924162
2020-02-29,1.1886653783312071,0.2021888233422137,0.13960911039141502
2020-03-01,0.7694584755404941,0.8101124158860767,0.26819523214328256
2020-03-02,0.6984471125055497,0.991147744023827,-0.30575714520202957
2020-03-03,-0.0004429367874106886,-1.4664635648132551,-1.5880681107480756
2020-03-04,0.9257355555633485,1.580123007143704,1.2689854322060212
2020-03-05,-0.9486503666713434,1.1652027422621098,-1.4379639522590488
2020-03-06,1.3262773517472617,-0.4013357409761669,-0.14710213498523342
2020-03-07,0.29368780056311666,0.2697271559113588,0.9770458626013173
2020-03-08,-0.8833562406705968,0.6415438512260706,-0.20914804393451966
2020-03-09,-1.370281926026956,-0.673382993149635,-1.2123117782913697
2020-03-10,-0.8481967518593233,0.2774744041515012,0.6394942489019113
2020-03-11,-0.891502291018121,0.5682930163700234,-1.0192842995328137
2020-03-12,0.029249892275703196,-1.2160955628798362,1.445186395342281
2020-03-13,-0.8830973414731337,0.4756227937772042,-1.0633104752380775
2020-03-14,0.2729323387570746,0.4394151926464613,-0.668369678512779
2020-03-15,0.5977577376423948,0.43779375078015,1.1501081150739443
2020-03-16,-0.5091170679275469,1.1367512160448239,-0.4585855167988009
2020-03-17,-0.02810166743995309,-0.13563573076576388,0.5543702187119333
2020-03-18,-0.9973761396681932,0.40564807679403114,-2.2214164695011798
2020-03-19,-0.6091378879328807,0.1069238812655236,1.1627732664469486
2020-03-20,-0.6021339953238098,0.5439485872405195,0.09972037914434967
2020-03-21,0.04687425099179873,1.1613468139270304,0.1438495287287931
2020-03-22,-0.4173460821184665,-0.5010465503060089,-1.2393511488933056
2020-03-23,0.06964225428883984,-1.0307315072149916,1.0507706487439046
2020-03-24,1.0098709933171988,0.7825143607893016,-0.12439700502845817
2020-03-25,-0.3670380089129841,0.023017373047624096,0.05942975356678202
2020-03-26,-1.4174314697376673,-0.16413313566558693,-0.5261230750960277
2020-03-27,-0.13168739361788964,0.3230355780550401,1.3035142535306776
2020-03-28,-0.09272785307359997,-1.4253927653546592,-0.3966982049060356
2020-03-29,-3.5360514026925425,-1.1254416024899787,0.7811706289102157
2020-03-30,-0.9582716130422139,1.2196821862115896,0.755582520274495
2020-03-31,-1.047678781129487,-1.615358154049092,1.663840703223129
2020-04-01,1.9693648848537695,-0.25337368517710457,0.8957909923533904
2020-04-02,0.9964733321981092,1.690818546910319,-2.125669146129722
2020-04-03,0.7600288736690243,0.09631040552368507,0.601675896064521
2020-04-04,0.38029682318401453,0.1548505613400667,0.792580376854094
2020-04-05,3.5960454558828157,0.6378883488539622,-0.06912908643933097
2020-04-06,-0.2915507400196823,-0.07091211551019393,-0.29692255233640297
2020-04-07,0.5032523179891883,-0.48877494574955915,0.6910239662163002
2020-04-08,0.5190880068817928,-0.6930529617100086,1.0621441774183387
2020-04-09,0.30631117467935765,0.5315115451830835,-0.2900040070627483
2020-04-10,0.3168989243694202,-2.1344570213917193,1.523157066683895
2020-04-11,-1.2609820735948019,-1.8451126505634134,-0.8837525459397179
2020-04-12,-0.44593130547266746,1.731526895079597,0.0776602494750021
2020-04-13,0.5191738924706656,-0.5250010046464582,-0.5782094216510436
2020-04-14,-0.9582604516613268,-0.48121868396862877,-0.33181792897711865
2020-04-15,1.0259813276658845,0.43957534444330715,-0.2664542232677242
2020-04-16,0.6562030580300413,-1.3777351654494865,1.3085044497380587
2020-04-17,-1.1781994164837628,1.886989591096898,1.368216282012694
2020-04-18,-2.7141220884230006,0.025993324778234694,-1.1117075376048065
2020-04-19,-0.599615066216197,1.3157381805696495,-0.265204228930452
2020-04-20,-0.7279539026554732,0.8913768001743745,0.013609529649733804
2020-04-21,-0.8748163353596309,0.24690024839495062,0.13838421434665768
2020-04-22,-1.585882060119439,-0.30227526452036707,-0.9364561602031343
2020-04-23,0.7711706911205451,-0.7862439465984599,1.16887789832392
2020-04-24,-0.10366541164056246,0.7828885323148659,1.272320989673976
2020-04-25,-0.3044259186307382,0.15802721650755003,-1.8391078676951225
2020-04-26,2.3828313146852595,-0.7516002382802174,0.15054817179123328
2020-04-27,-0.6382226192151963,-0.45124759463130054,0.46850717309021495
2020-04-28,-0.1087962994170421,0.41277747992265806,-0.07856043584400645
2020-04-29,-0.34524911304736183,0.2054673615565664,-0.5962187549838571
2020-04-30,0.1764606841180729,0.13910295930685954,2.241762143014854
2020-05-01,-0.8940601947972953,-0.4469208039828544,0.08571264964000873
2020-05-02,-1.017708506176636,1.1132723001143445,-1.3512913644511122
2020-05-03,1.1348642350643863,1.24728089710744,0.2019319510725167
2020-05-04,1.2018250006017819,0.5653901166554306,0.6487807439040822
2020-05-05,-0.4354493277970365,-0.27558203831821837,-1.0330920750331942
2020-05-06,-1.2038445755844769,0.7688206544933466,1.9566270392342857
2020-05-07,1.3761913236785517,1.1637329829795695,-0.39992741601632253
2020-05-08,0.05193389779222435,0.02162017078589298,0.9059931046249484
2020-05-09,-0.006801204969550887,-0.5836383550585849,-0.35120617271328763
2020-05-10,1.1004284884432092,-1.2570236649621478,1.512334874090408
2020-05-11,-0.39382828561603844,0.12132538627517343,1.0677343868331735
2020-05-12,-0.09419043282166152,-0.08967278132090165,-1.2332237750562443
2020-05-13,0.29413685079830754,3.207943653953691,1.1160211351619918
2020-05-14,1.2719201228025163,0.9433537434023802,-1.4779042899708383
2020-05-15,0.6444630601226347,-0.8800609264468201,-1.0343401178289586
2020-05-16,1.3206232410818906,-1.548886697734849,-0.40854347440679
2020-05-17,0.14887193398266077,-0.16272293220271777,0.5736359190691522
2020-05-18,0.4698797779405307,0.7921165921342602,-0.7208469234339658
2020-05-19,0.6690671053855224,0.92589316469511,-0.4302969051119605
2020-05-20,-0.2872001333203807,-0.3694820211551001,-0.3977883139827454
2020-05-21,0.09794439690077736,1.457730604919253,1.0826139528920544
2020-05-22,-1.681812119779236,-0.4687906098094647,-0.9633720381835745
2020-05-23,-0.47672412547932513,1.3658598237294213,0.5934480561837611
2020-05-24,-1.3195021059599217,0.8380171494617412,1.046010474941492
2020-05-25,-0.5749392406699835,-0.3028004341493004,-1.416083498474874
2020-05-26,-2.3490251470121346,-0.870869941730583,-1.173899489956245
2020-05-27,-0.8821186603171335,-0.277050161659231,-0.10977034958893958
2020-05-28,-0.17411307581482316,-1.1459750230930152,-0.20146377676756444
2020-05-29,0.7013409876306208,0.7156257767257667,0.5141004439656124
2020-05-30,0.4759977705498341,0.03928124298998901,1.418838187226615
2020-05-31,-0.48313832206816576,0.8190550144324308,0.17815326733310527
2020-06-01,-1.6460482109399885,-0.2524719480635539,-0.46399696094149584
2020-06-02,-1.9055913086292935,1.0880997833391102,0.6134184453146735
2020-06-03,3.0641808403806055,0.6487674205969244,0.11554450118156293
2020-06-04,0.09784303783737909,3.2494595212174113,-0.18937084107437574
2020-06-05,0.49278472401488244,-1.4532367819121248,0.014497805264383046
2020-06-06,-1.0404774438309001,1.4642623329329278,0.33404254063274824
2020-06-07,0.3665665553538706,-0.4782097907901031,-0.7229728270308005
2020-06-08,0.5345085179260621,-1.1488770950893097,0.5661168723426137
2020-06-09,0.18819660602645374,0.5712703530154528,-2.2749210664250135
2020-06-10,0.6273477127656439,-0.3062197477373583,0.21574931335789688
2020-06-11,-0.13890584647787055,0.2994961621744304,-1.2291335519670326
2020-06-12,0.026525059943423978,-1.6738877160934544,0.5303699209889393
2020-06-13,1.1039042651940825,-3.2020736743821967,2.2971553756524803
2020-06-14,-0.24270915240891516,1.0630483744345043,0.5388829521618718
2020-06-15,0.679605506581305,0.09884874928676082,-1.4089830920861681
2020-06-16,-1.7152649758185496,2.551020035974278,-1.0370200561289582
2020-06-17,-0.3987003756991948,-0.16371527300610075,-1.5507614953803024
2020-06-18,0.1367930250359231,0.9536296099092978,0.2710095912072711
2020-06-19,0.1894001434348706,-0.8005913397709813,0.9829157230769099
2020-06-20,-1.309546054360325,-0.7714351977120489,-0.9853088760447751
2020-06-21,-0.2536548926187484,1.334130957021603,0.4280905914026569
2020-06-22,0.8003596768857733,0.8750292294123372,0.10275459136594763
2020-06-23,-0.49131750796400503,-0.9739273658091853,1.405311096618404
2020-06-24,-1.3798641518410797,1.5010541106637265,1.795620456069797
2020-06-25,1.0559142712184746,-0.3854164896381094,-0.09985756307321209
2020-06-26,-0.5387606740759587,1.3247749243635252,0.6508602183844213
2020-06-27,0.6845488086786825,1.0993077690845448,-0.8371355366384484
2020-06-28,-0.6199259073941061,-1.495089509353772,0.23393565581805584
2020-06-29,1.8156651008066849,-1.226528349056852,-0.9558967658955537
2020-06-30,-0.8494092352755995,1.4504872817731793,0.044813275741729365
2020-07-01,0.6147252559018676,0.6022840750347901,-0.01997873198921242
2020-07-02,1.64399069105626,-0.9164092635081739,0.02352320363238785
2020-07-03,-1.5001329983411562,0.8518777087726509,0.1815549785513021
2020-07-04,0.6809997318240655,0.982488316919435,-0.15578498953691103
2020-07-05,1.097342717322565,-1.4762613954951342,-0.39394013083093327
2020-07-06,0.7057166084101645,1.3648002609069563,1.1887860860354849
2020-07-07,0.44383744879073667,0.06444984535727048,0.6249378360053626
2020-07-08,-1.7696759548853782,1.0983705716346654,-0.4886453270708141
2020-07-09,1.8508160014329609,0.11764784587414324,-1.3687093722373398
2020-07-10,-2.041598227185107,-1.165231374379808,0.3011861722870913
2020-07-11,0.22542692487217753,0.38959485527441834,0.32798673173480236
2020-07-12,0.3924976758925121,-0.21390936994193407,0.3113345586847157
2020-07-13,-0.21879955450269395,1.3467310612490808,1.3075724495732475
2020-07-14,1.7806204919625916,-0.21518557580126996,0.008578184908134156
2020-07-15,-0.9489845914558511,-0.2647606214208396,1.353513008480816
2020-07-16,-1.5772078043052806,1.6221858121033603,-1.0606370168587584
2020-07-17,-0.5422759753931299,-1.5666525911295093,-1.1976219849886678
2020-07-18,2.0372119298260096,-0.49956878045326525,0.6133322751031759
2020-07-19,0.45081376357289205,0.3150472772165462,-0.6324187217849805
2020-07-20,-0.4212214436463071,-0.13465756505749063,-0.4619795614382733
2020-07-21,0.23312086629102888,-1.4783666837962086,-0.7140357362045497
2020-07-22,-0.49502763787429443,0.8578615706050774,-0.12083902858960255
2020-07-23,0.15945003320452963,0.29994576613896173,-0.0901882654321454
2020-07-24,0.641613500346185,-1.0763070970115307,-0.10182834435671928
2020-07-25,0.4954634850549567,-0.061665733701805885,0.09191929122081118
2020-07-26,-0.9974917187170084,0.28104751100547776,0.7817769424336728
2020-07-27,-0.6456679121186294,-1.4829222351317723,-0.21337773826814627
2020-07-28,0.2226747531859387,-0.29272252846806757,-0.0957531432355993
2020-07-29,0.21626332721487587,-0.3373549419120145,-1.478892006683508
2020-07-30,1.6802790258935165,-0.3771785176338313,2.1813499375028362
2020-07-31,-0.27471289522585923,0.5335772454967226,-0.6443861597633271
2020-08-01,-0.4481865916791508,1.6617843073969047,0.26686747476337686
2020-08-02,-0.48484663781251564,-0.12263185207988932,-0.779326720231955
2020-08-03,-0.012306998347320786,1.3422169805919242,-0.3344086506082473
2020-08-04,0.8054136983462077,-1.5148009007309393,0.7056638646921549
2020-08-05,0.11073257686078299,0.08700456835869338,-1.3808089670909993
2020-08-06,-0.2549770260672093,-1.9709703860184413,-0.9715501977510147
2020-08-07,0.0972602313084297,-1.0985779747223947,-1.086033455807536
2020-08-08,1.4793467394771016,-0.4468968220617167,-0.18761998384239756
2020-08-09,-1.9126763734469432,-0.18915562852991716,0.3207356725048722
2020-08-10,-0.0066732778871540395,-0.32763668882371727,-1.0234329278727372
2020-08-11,1.4788241829061834,2.3048118664517507,0.9811318096715507
2020-08-12,-0.738955460527818,0.8553080743958247,-2.323711169003496
2020-08-13,-1.4600651568536793,2.908585837294927,0.03711029649887375
2020-08-14,0.3927853749802412,-1.3066984535523292,-0.17306806142500009
2020-08-15,-0.1523548515981723,-1.87770949125802,0.8119013451089463
2020-08-16,-0.7537632557031887,-0.31727451015530816,-0.021117845647542575
2020-08-17,1.5423592897486487,0.7077298152448888,-0.3317020362588002
2020-08-18,-1.7070454354905615,1.6560108860215472,0.9106793776434982
2020-08-19,-0.11855779436739229,1.366065957211078,-1.3443805043620525
2020-08-20,0.5273052988649893,-0.007605809222274447,1.2150479647637722
2020-08-21,0.6837154899102672,-0.9069779732135801,-1.143226521310444
2020-08-22,-1.2016775078854347,-0.005995582692533579,1.0027878411761497
2020-08-23,2.1882599301817134,1.4158930913943368,2.470729751035043
2020-08-24,-1.664521067929281,0.32960979423790293,-0.6759417954272706
2020-08-25,2.923876050011419,-0.6609077184024713,-0.6732357391392245
2020-08-26,0.5928529966424942,-0.10964290291054882,-0.3237001187451641
2020-08-27,-0.3530979897068996,-0.7319846955675816,-1.9446783797874343
2020-08-28,0.4328721157032388,-0.13790990911649542,-2.0516537539922357
2020-08-29,-0.8327197077760861,-0.39301586146074463,0.16692674999937113
2020-08-30,1.4624424954519553,-0.09137442475463133,0.0686128150859001
2020-08-31,-0.4662685831949753,0.07958283198208024,-0.26467376831132644
2020-09-01,-1.49195634978541,0.06254377519734487,-0.707229504943688
2020-09-02,0.3908999808569516,-0.08264029003303563,0.17667650229632523
2020-09-03,0.6627248231213577,-0.9534213010056827,-2.124982404314452
2020-09-04,-0.8699502884048275,-0.4664887997276935,-1.8566585580902955
2020-09-05,-0.35066570716404905,-0.4829295520297493,-0.030731948490136277
2020-09-06,1.5440664122103003,0.5594727600145405,0.38111986778387
2020-09-07,-0.23597010233947038,-0.35122601745157855,-0.45160877492714674
2020-09-08,0.2655860783889031,-1.675198721734656,0.2282662521264358
2020-09-09,-0.4050565707463633,-1.4202750983794619,0.793905421567259
2020-09-10,-0.2985232813757274,0.037608543970538845,0.4953519030985619
2020-09-11,0.37017773948039706,2.0218692938835474,0.07840382697289978
2020-09-12,0.4427935993881563,0.9114505179792225,-0.4182661078653572
2020-09-13,-0.571984929768246,-1.1807552576149922,-0.19365238514869923
2020-09-14,-0.8601455010670452,-0.7263222214170625,-1.522410121264941
2020-09-15,-0.7308259016291127,0.9532433328551081,0.9955633165326286
2020-09-16,-2.2829697737345063,0.6842762202240245,0.17802136659282086
2020-09-17,-0.08936299035199871,1.001060249500175,-0.8000753398738395
2020-09-18,-1.769805801789264,-1.9130252348888033,0.5761878275364597
2020-09-19,1.0553171207352898,1.7202548400708735,1.9490523068776828
2020-09-20,1.1291026100250219,0.6633297812924348,-0.2247974369056145
2020-09-21,1.8320785843414096,-0.030782995012941353,-0.5320538569399645
2020-09-22,0.2677181764536045,0.5965259807516237,1.3948898734859543
2020-09-23,-0.20120278866371868,1.7835267855377985,0.366506006355642
2020-09-24,0.12070519771708589,0.02750566963808527,-1.4506064918014414
2020-09-25,0.2249370099811017,-0.11870183915635422,0.03680410976174897
2020-09-26,-0.158318880950074,-2.5902129806770566,-0.03749347298881176
2020-09-27,-0.8222735295949486,-0.3210671169045539,-2.025337687282804
2020-09-28,-0.901662192386892,-1.1261641031280925,1.4735086264643298
2020-09-29,-1.8749935292845368,1.3340362031699355,-1.1898772991859354
2020-09-30,-0.04917565506004708,-0.46641440115947275,0.17494327851324853
2020-10-01,-0.8360429211524194,-0.1601792443535391,-0.7650717709443325
2020-10-02,-0.5498800231549558,2.469688673962712,-0.7240148523036789
2020-10-03,-1.9326068299217847,0.43564631857354563,-0.877787311384639
2020-10-04,-1.3579541164057158,0.07322305463572013,-0.5908218725509755
2020-10-05,-0.7521999212315523,-0.3489979016811804,-1.1878355999611359
2020-10-06,-0.8755151843384233,2.2066856550448213,-0.08325413374740563
2020-10-07,0.102515982664653,-1.3564834280285676,1.1535872836286722
2020-10-08,-0.6179371742178768,0.5054169060444255,2.490061135670234
2020-10-09,-0.29443114659049513,-0.7867093476313736,1.7160110941908142
2020-10-10,0.8878631076018025,-1.2061822721092341,-1.4439876528594482
2020-10-11,-0.9267139589070821,-0.050640796746911736,-1.1456315427661734
2020-10-12,-0.4766399140650332,0.5727929300834423,-1.6881591451743674
2020-10-13,0.7596461051310414,-1.3161713065609564,-0.10246164831902534
2020-10-14,-0.4742286204194307,-0.3689460448399373,-0.015752110925811975
2020-10-15,0.447537713027206,0.5308791629276822,-0.13980611948077365
2020-10-16,-0.1312899205255852,-0.26276704615495755,-0.6509961213179541
2020-10-17,-0.24050951219422617,1.6758289727548232,-0.7353415562661668
2020-10-18,-0.042001862677562694,0.05052744558734843,-1.9481417888615162
2020-10-19,-0.9096293776070556,0.020246707619450945,0.9087420830149173
2020-10-20,0.4807613329296157,1.1443748716083744,0.30966004739951314
2020-10-21,-1.86001381257452,-0.6932661203152382,-2.060836872794434
2020-10-22,0.22598359925006226,0.17542292157637307,-2.2084402346827288
2020-10-23,2.6335976421068716,-0.162559437237072,-0.9129795273329444
2020-10-24,1.3823320511342192,1.1819940641900721,0.00847288933609322
2020-10-25,-1.3052157868719294,-1.955500478892091,1.9064119350771895
2020-10-26,-2.3603267233474368,0.09854647013995316,-0.12865524361143127
2020-10-27,0.7846404711895044,0.5033986858002375,-0.48573661326094275
2020-10-28,-0.13068381984404773,0.14812525364615975,0.2703387782980316
2020-10-29,-1.1792549119264937,-0.0369195815476385,-0.19788217706425132
2020-10-30,-0.9813890775782874,-1.3587132095694028,-0.10596392529299517
2020-10-31,-0.11867846455799418,-0.5603111673679085,-2.8466471765789247
2020-11-01,-1.1452051670380148,-1.3462364494137913,0.9067172793811173
2020-11-02,-0.5093003206103236,0.2667649502047927,1.6097529988170836
2020-11-03,-1.0800632652380597,0.582765083672162,-1.431652116539553
2020-11-04,-0.1141490196204487,0.187898565149594,0.7904823812532565
2020-11-05,0.11938932727904597,-0.9653014438109057,-1.465045845860421
2020-11-06,-0.8598524508415812,-1.7083810504925898,0.42883318888494565
2020-11-07,0.9161355494371891,-0.8097006348803384,0.4901687266213502
2020-11-08,0.09354968204385475,0.23332248458783644,-1.45059673026268
2020-11-09,0.19382249046495803,2.11438240296016,-1.0821187724328467
2020-11-10,0.041993540807131906,-0.5168760280379654,0.35059686404717116
2020-11-11,0.003108318395217956,-1.586429052403737,-0.7154315901772279
2020-11-12,0.49148664082584237,-1.8174362966302808,0.41819008870415686
2020-11-13,-0.899573975209697,-1.1244490146141526,-0.03546582717410733
2020-11-14,-0.27571113586783946,-0.23687398946600846,1.4047232090867918
2020-11-15,0.2301941791216573,0.339382436869539,-0.17533146010846323
2020-11-16,-1.4860468209437432,-0.3910366006900937,0.40046639990408217
2020-11-17,-2.006505711789644,0.5426820748531435,1.5272476660133523
2020-11-18,0.8229584264279622,-0.027922107916065506,-0.40383976375980424
2020-11-19,-0.015827885023809957,0.7157203294640307,0.06394225579562858
2020-11-20,-0.9109902679892296,0.39851208979676883,0.036953710509040345
2020-11-21,1.2370756708775055,-1.1089347037461466,-0.5855452771660946
2020-11-22,0.8391086793078625,1.2978737512345462,0.7806823620414153
2020-11-23,-0.4900167528705708,0.36412412629341817,-0.7214364966417093
2020-11-24,-0.9219608656600309,0.14961289684533788,-1.461846408551363
2020-11-25,1.0272519187691234,0.7281303220366055,1.6158278903276033
2020-11-26,0.2589847952662813,0.8248587617762273,0.4151102482178923
2020-11-27,-0.591736517914022,-0.13306185153228045,-0.789689083451882
2020-11-28,1.0512636234547845,0.28258844893637536,1.3622338936026683
2020-11-29,-0.9907634757629156,-0.44571257150058,0.9544278430470768
2020-11-30,-0.1606929797696121,-0.4771086920412348,0.7217113084451379
2020-12-01,1.239505326033393,-0.2478965791827819,-0.1910537898185702
2020-12-02,0.7550344809325051,2.454513635871343,0.37148867463411506
2020-12-03,0.9669784743457269,-0.4194240338971949,-0.2409133326893788
2020-12-04,1.3062199026823444,0.38168150176338383,-0.06409407469157827
2020-12-05,1.5973053283099492,0.07276139136482417,-0.7205814476946099
2020-12-06,-1.2201614158165102,0.5860445170459723,0.20273123969861426
2020-12-07,1.3941856611821979,-1.1872132195222427,-0.8147755550181274
2020-12-08,0.7398302540415077,-0.07520263038926922,-0.9250200824870513
2020-12-09,-2.2679084491887553,-1.1229558873304955,1.040669151710651
2020-12-10,0.6264485997388249,0.5142395187052593,-0.7081412940970974
2020-12-11,-0.19404559161003043,1.62530552186466,-0.28995968212083056
2020-12-12,0.4660681972111727,0.846317710174681,0.4125816231914243
2020-12-13,-1.2008651228221974,2.490620372871911,-0.966397536642087
2020-12-14,-0.32069601442665197,-0.15043580594401465,-0.9973674815066562
2020-12-15,0.4082670040140933,0.38512378815489884,-0.7892756950078472
2020-12-16,-1.2886393579018551,0.3645258199977181,-0.6227160762509902
2020-12-17,1.2367501169767738,-1.4598020116252879,0.04310265563925517
2020-12-18,0.24899502187246558,-0.22994473461986834,1.0230789851523465
2020-12-19,-0.3674360375070332,-0.04333195476882947,-2.1535186597485674
2020-12-20,0.17944064186480602,0.1927636721068946,0.3533107307007493
2020-12-21,-0.4202760123772896,-0.9560205257687961,-1.0255473919732028
2020-12-22,-0.47744044235112315,-0.640840936551156,0.5709497548231155
2020-12-23,0.15894695702054837,-0.301825780659396,0.7952145266732172
2020-12-24,-0.8635854995066049,0.036562421400402466,1.131398542682149
2020-12-25,0.7233139686044587,-0.9746288672455792,0.06955760514733206
2020-12-26,0.8637434890654845,-0.20842502298469417,0.40149042937520213
2020-12-27,0.5009968133732916,-0.5498917328464001,1.4342486763229514
2020-12-28,-1.126599411327578,-0.5621773207735706,0.1794572426725538
2020-12-29,0.22597945237549377,-0.45467810511032863,0.6103933093430143
2020-12-30,0.19420769287462641,-1.0065122808054945,0.38717175084331346
2020-12-31,0.7123871562050761,1.5895874234318348,-0.9609538424529142
2021-01-01,-0.38908404454765205,1.2400762095201725,0.6262434746116592
2021-01-02,-1.2762822456817542,0.5023895973087711,-1.765397288755793
2021-01-03,0.45328206846496916,-1.5038877926187222,1.0462227247825375
2021-01-04,-0.011629434453826495,-0.702810012466909,1.2990040753349503
2021-01-05,-1.1660955171146101,-0.40618676403197385,-0.28480689948709
2021-01-06,-0.9513706838502456,0.33342487011992117,-0.7812023037077199
2021-01-07,1.058661168349307,-0.9068702639364633,0.2916492679109604
2021-01-08,-0.6945979308839644,-1.0160388512773573,-0.23132207443299113
2021-01-09,-0.8076074646380044,0.564872622437642,-0.813567580057399
2021-01-10,-0.39024761630834903,-2.4403242740524718,0.9458732242732824
2021-01-11,1.0891620772434947,-0.8886203405658417,0.6462601816309782
2021-01-12,0.6826054231184712,-0.18034843048390964,-1.0639546053913997
2021-01-13,0.4741331679497509,-1.791414417229571,-0.5141094531868837
2021-01-14,-1.4924250093467204,1.1843691882167215,-0.3082050013260163
2021-01-15,-0.4295420932394498,-0.20718474849292262,0.17129150125861162
2021-01-16,-1.298574831976257,-0.41360915228911915,-0.3647097248036621
2021-01-17,-1.3181446388132672,0.8734879223114183,1.4516814050472784
2021-01-18,-1.346901095185914,-0.4572825393550573,-1.370968763936094
2021-01-19,1.0211484641660828,1.7815863589171725,-1.0036969491519347
2021-01-20,0.9754012167370922,-0.0515169618936368,-1.4167827136961633
2021-01-21,1.3333910422062343,-1.275693789972283,-0.42894169773989643
2021-01-22,0.30508455193906253,-0.43347852565379896,-1.6807211984745527
2021-01-23,-1.3709895945934503,1.089044956052961,0.42396857633379265
2021-01-24,-1.3327031337899704,0.22433027227907276,-0.23935390095940232
2021-01-25,-0.20265510016728738,0.6955207248870513,-1.7368779023946077
2021-01-26,0.5732796264560178,-1.4958847609595873,-0.23189554776847365
2021-01-27,-0.053660325786107764,-1.1382274615869743,-0.2255627659726859
2021-01-28,0.10944688498040744,-2.154341335894123,-0.806646976282928
2021-01-29,-0.5940174549121322,-0.6794211945981904,-0.31355220522317606
2021-01-30,-0.8865526351499275,0.24076319316983716,0.5717912665584127
2021-01-31,2.1583154122582404,3.4706617729889095,0.4495416435156159
2021-02-01,1.2339137358848742,-0.7908192845668276,1.044523167084812
2021-02-02,-0.6133606121020501,0.4827747889154393,0.27824055374998313
2021-02-03,-2.285404284969716,-0.1982658361355607,0.34527886784542977
2021-02-04,1.317594959543396,-0.9930907289501004,0.6247523827511853
2021-02-05,-0.5104393698330022,-0.9236664739908482,0.41674313063374235
2021-02-06,-0.09543361040036093,2.697922789167793,-0.7716754656918533
2021-02-07,-0.868835427742709,1.7975886094238012,0.4288523374776614
2021-02-08,-0.5763708359271991,-0.43454613216137117,1.9645491155900712
2021-02-09,0.7101622399449506,1.4873013062644636,-0.786679141594255
2021-02-10,-0.1825983831304095,0.5336628534906499,1.1108946420457326
2021-02-11,1.3480599930973167,-0.5079152546324145,0.19905405056850717
2021-02-12,0.37177847296150907,-0.9669318111680377,-1.4037090453014098
2021-02-13,0.8542148544278935,1.325898343176725,-1.48272297961424
2021-02-14,0.05634875925205754,1.1810387756275778,-0.03333810767088649
2021-02-15,-0.10344593585800271,0.3245202965836466,0.30621104006371436
2021-02-16,-0.2713517926906469,-0.005118857579224488,-1.0320166697150406
2021-02-17,-0.57448523806787,-0.6697287333270794,-0.19050238363394625
2021-02-18,-1.0168700344511519,0.7815628435055678,-0.5874168612926735
2021-02-19,-1.5622960380356605,0.7033043556810542,-0.22348092846204012
2021-02-20,1.0475207527514911,-0.015271495650718109,1.7838068756712642
2021-02-21,2.606384366291544,-0.01249536523062105,-0.4860047147778572
2021-02-22,0.8440332775304418,-1.0478914006513689,-0.829398756950509
2021-02-23,1.8577764684452287,0.9067946371488,-0.8623423908251314
2021-02-24,0.0029409568804331957,-0.1562370035708527,-0.48295223101596835
2021-02-25,1.6143407122883544,-0.4251308756770456,1.5257966784662775
2021-02-26,0.1722930555976911,0.24726230181201966,0.4983806364930014
2021-02-27,1.3523097303459186,0.18091753544049666,-1.2386263908349338
2021-02-28,-1.3209610193243593,-1.513750945066079,-1.6876715053949338
2021-03-01,1.2460379247055189,1.0440189770392554,-0.15036907127939775
2021-03-02,-1.2938645858232125,-1.8029790603751736,0.06605271013444854
2021-03-03,0.21540412811861429,0.617145752121107,0.6737255157835765
2021-03-04,-1.0859774361011432,2.7593905794404994,0.8514517484746457
2021-03-05,-0.5092549255970695,1.2308755163379355,-1.2172783599677315
2021-03-06,-0.16807466195606247,0.04516488719638662,-0.6073717147484752
2021-03-07,0.8823946352750072,-0.18688401257257373,-0.15727815270505233
2021-03-08,1.209501411088822,-0.4201524038557997,0.3241671989321661
2021-03-09,-1.373433460607224,1.4291812974510627,0.9782956839254591
2021-03-10,-0.1296618192484326,0.6419347676486951,0.05142937847464503
2021-03-11,-0.8203957267399148,0.39768055412220216,0.14965825609635242
2021-03-12,-0.7959835704202906,-0.8635687365165369,-0.1474183290220636
2021-03-13,-1.433962885507903,0.36702001473848805,-2.179830705428219
2021-03-14,-0.894985976718,-1.3571934041250469,-0.6061557069701077
2021-03-15,-1.1124895751479638,-1.1710877443212457,1.769451728307043
2021-03-16,-0.35666492915672765,-1.0660627866888064,-1.005036572084777
2021-03-17,0.6707346412559024,-2.0704608789857555,-2.3881137012668305
2021-03-18,0.11204640444559666,0.6110231114069844,-2.4202775247551953
2021-03-19,0.24697531968876515,-0.8380097640375301,2.3250734885069826
2021-03-20,0.08790952513347283,0.15472965189701823,0.11712048964287222
2021-03-21,-0.7163994678347191,0.9184015787054922,0.9032523190256796
2021-03-22,0.31410162515725953,1.4635650521534393,0.2370986144857487
2021-03-23,-0.8983877118072047,0.46018564229109377,-1.771572538364678
2021-03-24,-0.006955951239171191,-0.9277786623837891,0.10082811195492193
2021-03-25,1.7374331860289354,-0.1525151361310521,-1.1703720633179966
2021-03-26,0.5446658448619967,0.10914689512553694,-2.128614057243766
2021-03-27,1.3975683670587662,0.6128352748453357,0.34653138843615594
2021-03-28,0.10453047869925695,0.06396922763679733,1.0990006689009202
2021-03-29,0.2820303053152315,-0.38791593279105757,0.9839752450834741
2021-03-30,1.5992058352938838,0.6833629815052776,0.25973141871674643
2021-03-31,1.5190337041304698,-1.2593763783315775,-0.8571601277752176
2021-04-01,-1.6865249548688699,1.7469718641221605,-0.07287598047410578
2021-04-02,-0.632934466905262,-0.17959722355590535,0.6759398977279807
2021-04-03,0.4957667375524898,1.2468423499261887,-0.6478255618085904
2021-04-04,-0.6735323828703217,0.5095989644570984,-0.09323281964017319
2021-04-05,-1.8754382206513516,0.5777986059765299,0.11540199331723518
2021-04-06,-1.0916585826294711,-0.9997580431773242,-0.20923122628072263
2021-04-07,0.9326730814457844,-0.28576351875054934,-0.37969492384993436
2021-04-08,-0.29954679982885485,-1.0909153609900055,-1.1112220694220425
2021-04-09,-0.7413448824230099,1.1206312100808253,-0.5144022155980842
2021-04-10,0.7484238404612344,0.6958990524710654,0.20839838221096182
2021-04-11,0.9735102619574137,1.0398985416479496,-1.0244605623235656
2021-04-12,-0.09865217617682158,-0.7783279785644349,-0.1915177455787912
2021-04-13,0.4618104185048577,0.8732806743099263,-0.32616500474172433
2021-04-14,0.3316725859498615,-0.730523804703385,-0.8425590408656846
2021-04-15,2.3791839103885772,0.2071883634202852,1.8616348095571333
2021-04-16,0.0398257470055575,-1.0172503543953957,-0.07544001431166715
2021-04-17,-1.8241240395639065,-0.9612910670680688,-0.2775111684296833
2021-04-18,2.0086946125810017,-1.1005285042100612,-0.5795488559250661
2021-04-19,-0.41624480573341893,-0.41979686790078236,0.23612323852148176
2021-04-20,-1.4623037956258724,0.1733879352607038,-0.390990444860832
2021-04-21,1.1520473324138032,1.4143571002482942,-0.5792713480661329
2021-04-22,-0.412337960198067,0.1801763313869582,0.06499185475080904
2021-04-23,-0.13786313038777587,0.3156562958416118,0.3367286643790656
2021-04-24,-1.537584834942321,-1.272869844816157,0.64873115108723
2021-04-25,1.7190349955479134,0.47520316448828803,0.7513900672864464
2021-04-26,-0.717650845414043,0.05803258721810618,-0.9819700501437928
2021-04-27,-0.7181403380873519,-0.7052405311547496,0.1826172018759435
2021-04-28,0.9131531007193171,1.775323485901363,0.1911746489645813
2021-04-29,-1.407922715931749,1.4780122419259059,0.4549453481899112
2021-04-30,0.8846907646623283,-0.7992223056072779,-0.8906696600998187
2021-05-01,1.130546221153823,0.1520365379944801,-0.48671581101904976
2021-05-02,0.2674246418089015,-0.8471308674988518,-0.2422987366171719
2021-05-03,-1.2730834240184685,-1.013358479227629,0.22773909781491838
2021-05-04,1.1270703599336223,0.060163623363259124,-0.508322203338633
2021-05-05,2.082646468643012,-0.24402050275716158,-0.1963987715594363
2021-05-06,-0.9817442248888517,0.3727997276159763,-0.9146831417171738
2021-05-07,1.0595503957979817,-0.46246359107816987,0.3258288442723064
2021-05-08,1.73372117206419,0.038466049250915596,0.09397724387063729
2021-05-09,-0.6602818296513372,-0.7117491634888087,-0.8686327210934647
2021-05-10,0.8034126321748413,1.050692105931962,-0.5959875632969666
2021-05-11,-0.14890839425315755,0.8258573906387476,-0.05534806787486165
2021-05-12,-2.6560750288433708,0.015607858423536316,-0.08958229509333071
2021-05-13,0.4095366877873862,0.1297953712515424,0.27828639785518766
2021-05-14,-1.1654818413415984,0.2559102211356546,1.3895902142764427
2021-05-15,-1.6099877006341583,0.4739082769488228,0.21173074148274518
2021-05-16,1.4945625918944871,-1.7812788197178198,-1.67548310981863
2021-05-17,0.2578135816981937,-0.40142302820225967,-0.42113957546755143
2021-05-18,-0.6253068584558401,-0.12634074558362154,1.8194432203876718
2021-05-19,-0.3977874090176404,0.3183865508334819,-0.6930929888487868
2021-05-20,-1.5793201130333994,1.869844116996477,1.8277066447054955
2021-05-21,-0.39861569394402113,0.1370778838538381,0.37846087355156377
2021-05-22,0.6102337335672984,-0.3793072423763297,-1.3975705449840239
2021-05-23,-2.827073400223069,0.24379091468526382,2.153479297044312
2021-05-24,-0.46899732027607505,1.0001542337962153,-0.264635998930487
2021-05-25,0.7456809216562125,2.088797202751547,-0.17137421269464037
2021-05-26,0.4711242375043699,-0.1368063046873233,-0.6375591673579938
2021-05-27,0.7389796657679226,-0.4027432913768923,1.251552660076491
2021-05-28,-0.14893117260189903,0.4765595947053581,-0.7384330444696687
2021-05-29,-2.8820789283296633,0.8129708859037005,0.44768040779676443
2021-05-30,2.464935867919994,-0.4705404095256831,-0.5984294189035091
2021-05-31,-1.090153609663728,1.406073711920243,-1.2839654885519236
2021-06-01,-0.5887302958776155,-0.723983082763209,0.36082277131697377
2021-06-02,-2.127482635237313,1.3471924173988739,-0.5157149890570378
2021-06-03,1.376757113078447,1.624970582967208,-0.651237449449095
2021-06-04,-0.6795985448169585,-0.8974789777175093,1.3492351029656031
2021-06-05,1.1407616561312561,0.3645066187787211,0.19037466097550065
2021-06-06,-0.32400570292250847,0.19401857797444794,0.4137890751331607
2021-06-07,0.4696337400502765,-0.7456155429537097,-0.5113512664963794
2021-06-08,-0.27087108046216096,-1.5552361020451335,-1.027455570317968
2021-06-09,0.045369191816277715,1.1726865473447217,0.37245218584177964
2021-06-10,-1.7013380548040495,1.007846698501316,-0.9926832473187719
2021-06-11,-0.06446104631431823,0.09744371182567123,-1.8138290736908198
2021-06-12,-0.6911247847586806,-1.1573017076416647,1.0543028480696899
2021-06-13,0.331650503689814,-0.04793837894377864,1.4909678117081697
2021-06-14,-0.14118396995071908,-0.6343962764521975,-0.8700060996919474
2021-06-15,0.3651343910228266,1.0339285459793748,-1.097597271549632
2021-06-16,-1.3513874632091536,-0.8465655935265303,1.068782761032943
2021-06-17,-1.6916850504428411,-1.269120066820952,-0.4711151422723875
2021-06-18,-1.3160703201252955,-1.9441126742322674,0.04264848159403881
2021-06-19,0.14788807360978737,-1.175505638193034,0.09507574013368153
2021-06-20,-1.2999028559549222,0.7963402718271968,0.391819656182292
2021-06-21,-1.2396065304384105,0.6219867934351914,0.43076148801955694
2021-06-22,-1.8783010051682711,-0.7082548890503351,2.069935818065734
2021-06-23,0.7280251332437804,2.3821260713356787,0.9977866434358998
2021-06-24,-0.0562370227588938,1.1421517670818315,-0.6533350369198077
2021-06-25,-0.2208176663832155,-0.41567910555245186,0.7544093093058439
2021-06-26,0.06491822647056165,0.24116832952295453,0.6838368026237456
2021-06-27,-0.9546124200678605,0.19421807958147347,0.4793551728089476
2021-06-28,-0.9599238169240207,-0.12556556214747155,-0.23853186977414712
2021-06-29,1.0181708877634594,1.0785436658118546,-0.7844084026437314
2021-06-30,-0.22548543078391048,0.16519486061007124,2.283404423556162
2021-07-01,0.7002041739675663,0.079652875496065,0.45787433103801783
2021-07-02,-0.4921194552567768,1.1216516875712537,2.895348937836263
2021-07-03,0.601216713462111,-0.282278270750684,-1.6042897434713328
2021-07-04,-0.42395354870467206,-1.2446328242568439,-0.45198678443241486
2021-07-05,0.1435468787807821,-0.11413139324869044,0.24274189983906785
2021-07-06,-0.03125245315004228,0.4450856674088319,-0.34705682038263097
2021-07-07,-0.23244098005587405,1.5769347087086476,-0.4787527559642901
2021-07-08,-0.1746895872349804,0.20550555163510426,0.24117246186510571
2021-07-09,1.4011790361834506,-1.5649836140829851,-0.6890146752568401
2021-07-10,-1.0857644568618179,1.6265565176052068,-0.9739367076401022
2021-07-11,0.27325857603941256,-0.3912870854192496,0.6787766459259076
2021-07-12,1.0448660316636642,-1.6069981160970546,1.9129871158305238
2021-07-13,-1.1414446485098257,0.7599521867525597,-1.0584684993572977
2021-07-14,-0.037150748940180715,0.19039666927452384,-0.5712754494292401
2021-07-15,0.3050246534273735,-0.1566455240462299,-0.5822472985349415
2021-07-16,1.6439034134976545,1.3078598864316824,-0.9604637026232468
2021-07-17,0.4578654062634953,-0.022847353283788202,-0.7676036752265484
2021-07-18,-0.6740644520765535,2.0733230060735033,0.12140647633007683
2021-07-19,2.0613334195185216,-1.1253516037220819,1.312959997033944
2021-07-20,0.4041203930928075,0.7113942499155891,0.8291609004192014
2021-07-21,-0.7031122928612369,0.10493106143075391,-0.018456613000368223
2021-07-22,0.812757029609413,-0.28290488041504724,0.08318730973116166
2021-07-23,-0.9838434806528656,0.6441764351135655,0.6620345882331886
2021-07-24,-1.2506317276096572,-1.282271886765929,1.4722530544640302
2021-07-25,-1.2333717530375752,-0.564025145601747,0.44984473475556436
2021-07-26,1.4556656614628654,-0.03061375592245753,1.063223842671259
2021-07-27,0.7485813945120311,-1.108343268364646,0.5720833997831631
2021-07-28,-0.48654211984878754,-0.29951274748172163,-1.6093737096698228
2021-07-29,-2.427099545929537,0.9466187890814493,0.737589081558319
2021-07-30,-0.397384396501506,-1.119201254928982,-0.13343726184794302
2021-07-31,2.458606422471354,2.2864644093074267,-2.172072426467806
2021-08-01,1.5194215902569426,1.0302929263339784,-0.9733840510897162
2021-08-02,-1.5439625886316501,0.9260951760119689,1.2354253387407328
2021-08-03,-1.0598517703541115,-2.000625713719386,-0.19388282510079868
2021-08-04,-0.6244777498894698,0.4307651879389317,0.715625712312757
2021-08-05,0.4975862248665049,-1.3546672938954574,0.07095372793240473
2021-08-06,-0.6695963615719803,-0.2941232558025298,-0.17896340047446835
2021-08-07,-1.054791539432183,1.0388844604307637,1.2768823837572645
2021-08-08,-0.2541356870889388,-1.1413423593535585,0.22308100662203328
2021-08-09,1.3080771942664282,0.7228684668097868,-1.7672229426773791
2021-08-10,1.2163309294288318,-2.123635108855591,1.3129873104653154
2021-08-11,-0.23583322056543551,1.2592470774193119,0.12877586636650853
2021-08-12,0.3722945858527094,0.2914930459744319,-1.270272279412321
2021-08-13,-0.7474568088802526,-0.1092699419045489,-2.065458587670371
2021-08-14,0.18270464374004203,-0.40689168697643974,1.168570698372238
2021-08-15,-0.8392028084153732,-0.7026694062623965,-0.9336434212983628
2021-08-16,-1.7872388666976122,0.6897658921600406,-1.427500723902674
2021-08-17,-0.6665812720722756,0.4841565630027167,-0.688978152936125
2021-08-18,0.8256944389764604,1.1683168918929854,-1.0929285240071993
2021-08-19,0.37537240942307476,-0.8126384873079283,-1.3787559432289977
2021-08-20,2.147859209350636,0.07206842872885998,1.501144977017665
2021-08-21,-0.12880277681476632,-0.039144547392323675,-0.14709469062507696
2021-08-22,2.522032693792228,-1.2953292155703564,-0.061922382208918506
2021-08-23,-0.4802741478287234,0.16114417144580476,1.2256058022817677
2021-08-24,-1.743542860705563,1.0466433051898392,-1.8712050057859089
2021-08-25,-1.2771151848810933,0.8423727753420087,-0.9055505002842289
2021-08-26,-0.9500681029165923,0.26389867772406717,-0.9686889108030733
2021-08-27,0.17816783558983898,0.3478887163860018,-0.3290553240572077
2021-08-28,0.49891953891828955,0.07629720985210904,0.02311972577909943
2021-08-29,-0.6248985528956501,0.4883752973481562,-1.087940597747214
2021-08-30,-0.9035921754351566,0.9368401717803688,1.2118784388398745
2021-08-31,0.8910866458706888,0.356280582195229,0.12586572636372872
2021-09-01,-1.121128968514366,0.5754586877571741,1.2252661549800397
2021-09-02,-0.24401864778507837,-1.6053765945502614,1.9618014477460486
2021-09-03,0.22802064827019597,2.2202149633855353,0.08012313800669182
2021-09-04,-1.2443117678572155,-1.3540536545291657,-0.6274085870280929
2021-09-05,0.008512572963241458,1.5561259220455927,-1.5429296233278404
2021-09-06,1.2483011438377263,-0.5394548994687579,1.480642862907943
2021-09-07,-0.38678873996907964,0.5555424461491385,0.18688249743802773
2021-09-08,-0.13847064188105287,0.017701965688029207,0.08047118201033152
2021-09-09,-1.4091393008842954,0.4101733357035123,0.08613979608161763
2021-09-10,-1.3640364452818379,0.4793031076821194,0.2793435556555095
2021-09-11,0.07874555198660317,0.9226822547872104,-0.3935768310325724
2021-09-12,1.1110065271086254,-1.018752921118095,-1.4153650473539343
2021-09-13,-0.9317349710120016,1.2528493407938752,-0.5628033866041708
2021-09-14,-0.6935346547212513,-1.346108589419479,-0.7515493328439219
2021-09-15,0.8370113738246184,-0.9864266745399128,0.8389966902800106
2021-09-16,0.5546510157984651,-1.8971368411138627,1.0060269680453484
2021-09-17,0.9301704301120184,0.600942301241738,0.16603808322436844
2021-09-18,0.033336831941495594,0.8064657547222738,-1.1349202155369562
2021-09-19,0.08880187418908586,0.7529337409782492,-0.6324951772414732
2021-09-20,-0.2800615527319931,-0.5847839188176843,0.7587744692754409
2021-09-21,0.21838151442775044,-0.8376647359997118,3.1049035840065335
2021-09-22,0.2823641946952958,0.6091821606142674,-0.7915876999061511
2021-09-23,-0.03284340522260042,-1.041745938694805,-0.16191549672085367
2021-09-24,-0.5027973731318262,-0.8392209773172459,1.4859366528367322
2021-09-25,0.01431402824047175,0.39370869683703,-0.28043291140981164
2021-09-26,0.16375327008797444,-0.5680762038526772,1.093585317284908
2021-09-27,-1.4778153572956847,-0.3036098139022576,-0.6432912539241882
2021-09-28,0.9825639764113119,1.1319940542188247,1.794792650204286
2021-09-29,-0.17673729937549168,0.5291157581120928,0.05398707267956545
2021-09-30,-0.050986443028595035,-0.14236321973896787,0.6087352945486217
2021-10-01,0.11966485692466768,0.6867639313383038,1.626692470897268
2021-10-02,0.05526697436162141,-0.43611808245219014,0.7618978328815073
2021-10-03,-0.33611528384751005,-0.1652920328327271,-0.8145339740029148
2021-10-04,1.3314770447307114,-0.5411790185061,0.40470480424024974
2021-10-05,-1.6008112905053915,-2.091118780150144,-0.9381019781797082
2021-10-06,-1.6437265430956989,2.269039727921018,1.8888134186323198
2021-10-07,-0.47079012291361394,0.08490133509924036,0.4032268741666173
2021-10-08,-1.5338764891024623,-0.19877698607510136,0.8227644599807165
2021-10-09,-1.5248155703303372,0.502224415758407,0.9463351579672815
2021-10-10,2.5393689514326527,0.09579481844540552,-0.48974895456556783
2021-10-11,-0.5348239092423897,-1.2778025238915247,0.3246478949887723
2021-10-12,0.3642820180016923,0.4878594504607178,0.7772369155078361
2021-10-13,-0.09754358024796843,-1.3066713973341095,0.27792627195605646
2021-10-14,-0.1721839020898392,0.4626896080374906,0.04523457176905819
2021-10-15,-0.6028138255572969,-1.3075274531042533,1.1368634707856815
2021-10-16,0.21101237549401644,0.9023859983899802,-0.5625819310063479
2021-10-17,-0.12409602476589149,0.3902926040228341,-0.4131167672859422
2021-10-18,-0.7451982194609225,1.2279227459923028,-1.3384802757101666
2021-10-19,-0.6729791997360158,-0.2300698726848645,0.346796547509559
2021-10-20,-0.6513069588597842,-1.043904730466789,-0.16698149137202203
2021-10-21,0.6810612525587216,-1.0845801880796053,0.09097876711975819
2021-10-22,-0.5252925472654582,-0.3320988950398258,0.08481419205821392
2021-10-23,0.02710612748949725,-0.23033972996029048,0.2858231675895587
2021-10-24,-1.0397084572693904,-0.547188167991776,-0.4151018116267741
2021-10-25,-1.0998842234517954,0.3614262755946508,0.5718993118700213
2021-10-26,-1.177825135329248,-0.8445712248722929,0.5997478838549982
2021-10-27,0.8046946253092803,1.1568997337656381,0.7811959326034023
2021-10-28,1.0016674734135673,-0.230505047038911,0.919266878476924
2021-10-29,1.933638419921876,0.7119143466627013,-1.2007110762751532
2021-10-30,0.6391189122069786,0.3324140871421361,-0.7711493216653272
2021-10-31,0.2823773181891274,0.9442574144849312,-0.9552263406779212
2021-11-01,0.35183048541673095,0.17616881003179707,1.5659238431403768
2021-11-02,1.6603160473752714,0.3710507532347638,-1.2194063959065975
2021-11-03,-0.2988355910479908,-1.0339081284134761,-1.9204300785974946
2021-11-04,-1.404702064800978,0.7545245354124744,-1.047735719346493
2021-11-05,-1.115873266609453,1.5197165157649848,-0.05285416663165279
2021-11-06,-0.3573468930114812,0.9498094214832248,2.120547877877062
2021-11-07,-1.268570768083217,0.38982499402725773,-0.21489489305848652
2021-11-08,-0.5398762441375707,-0.00031443294992312986,-1.5274567246683701
2021-11-09,0.517629847420826,-1.3824308835884394,0.7748291097687339
2021-11-10,0.574681405314949,0.39898873343009494,0.592049305690558
2021-11-11,0.21814644887613469,-0.8542070677523169,0.08617448012777203
2021-11-12,1.4851638465476538,0.838560144962716,-1.0713182994476715
2021-11-13,0.28788596090213475,-2.2334241998293862,0.2981043897209454
2021-11-14,0.16569044119350587,0.5899792323570745,1.5019433114279621
2021-11-15,-0.7417827427859006,-1.3842536460198853,-0.4280017692104636
2021-11-16,1.7187453097879946,-0.461382287716467,0.6997900937249603
2021-11-17,1.789085602407028,-0.18851244377069437,-1.109683450292436
2021-11-18,-0.8525213788730331,-0.2974151622037594,-0.2291874693031337
2021-11-19,-1.5098215274924827,0.9739230437745107,0.8214079122970058
2021-11-20,-0.48456131626329585,1.286343391322891,-0.9679574473837294
2021-11-21,-1.7432904912779361,0.40430287608087506,-1.647660411412007
2021-11-22,1.0982835646052596,0.34114710556315897,0.14372710344162437
2021-11-23,0.7509836120924099,0.12454699091367608,-0.7375681217226995
2021-11-24,0.5108476245674171,-1.0568422834770643,-0.17931593088634304
2021-11-25,0.7763828057822284,-0.532243707100814,0.6588566102912021
2021-11-26,0.08527131859463026,0.10083412255555141,0.12437370308774263
2021-11-27,1.5969425660802632,-0.2999074182394198,0.27089576946336963
2021-11-28,1.3906448712664081,1.5759771844332349,1.049838669358583
2021-11-29,0.31001823448124316,-0.5098314356329531,-0.8365729161680362
2021-11-30,1.3809934710931975,0.7917465650254971,-2.123206680942163
2021-12-01,-1.6769469760388616,-1.3302140335727912,0.2028950906695622
2021-12-02,0.27155884136852587,-0.43023695891068114,0.12112230910552964
2021-12-03,0.439187253625117,-1.4188499532964913,2.1759507839010106
2021-12-04,0.5781857921399752,-0.2746277208620429,-2.4430809358106433
2021-12-05,-0.22407517545033775,-0.5341378740266073,1.537565318073993
2021-12-06,0.4158746330623687,-0.2698713144670447,-0.9273882135426335
2021-12-07,-1.132471733108489,0.6047324105626437,0.31506395094974987
2021-12-08,-1.27267825365946,-1.6632558257759287,-0.6516217548804336
2021-12-09,-0.052848808926181226,-0.6545453441849518,-0.4055133525271119
2021-12-10,1.7514124220667127,-1.2685144676119946,0.26907470737638156
2021-12-11,0.6415861947921607,0.709186534465774,0.16340972941014603
2021-12-12,-1.7720256565878272,0.9533671923786387,0.7768317536280767
2021-12-13,1.6651070794907568,-0.8027209863529801,0.3958686062402883
2021-12-14,1.5879616287195464,0.5986517357256415,0.028625129829741885
2021-12-15,0.2769526983318597,0.14370795084810845,1.1545110756551775
2021-12-16,0.8478256004932095,-0.035607029035505826,-1.6388585972165892
2021-12-17,1.2271914049303585,-1.240991617535928,-0.3259343972558019
2021-12-18,-1.0493821859923358,1.2569266104064978,-0.23859523700677848
2021-12-19,-0.17764601951891723,1.4855913731389974,1.1787161566368871
2021-12-20,2.2452429842090686,0.4919824056305968,1.093628450995555
2021-12-21,-2.2956521637206087,1.7420622730814503,-0.2647293251035097
2021-12-22,2.056966020552977,-0.5359660884198264,-0.9008635725369731
2021-12-23,1.2281139773345482,-0.9922346262775051,1.3646603679782692
2021-12-24,0.23799625408116631,-0.22303282578383657,0.854859201746659
2021-12-25,-0.8762966484101385,1.4665290585090995,-0.5367047634542524
2021-12-26,-1.0262724655180715,-0.46458623272166016,1.1400039073338268
2021-12-27,-0.5030949077904836,-0.35707668512211277,1.8075015449622094
2021-12-28,1.3902358275274111,1.4833657113848895,-0.8983092793768802
2021-12-29,-0.2567495244843762,-0.9361433661493439,0.6149625394293953
2021-12-30,-0.893288942808637,-0.7738584136658112,-0.09077179894254184
2021-12-31,1.4062590658739635,2.519273553939726,1.2762542545166229
2022-01-01,-0.507615040980167,1.4591157800782648,1.2342720803898612
2022-01-02,-1.6772395886087348,2.106130128987319,-1.841823859289473
2022-01-03,-0.11629229844398975,-0.9768782304901881,0.7515416084408969
2022-01-04,-0.04637195954560548,-1.1565511061475502,0.887119423570694
2022-01-05,0.48183696746158783,-1.1983315822518255,-0.9306548238858806
2022-01-06,-0.4929147390976314,-0.7715039368631175,-0.6020102398124756
2022-01-07,0.6985868484325917,-0.04792170987010023,-1.8001893538805185
2022-01-08,1.6978568691964908,-0.5299130176906325,0.9682514156608305
2022-01-09,-0.12788481978907892,-0.5780581903873209,1.7296404243162309
2022-01-10,0.6110066374766695,-1.8375791039518738,1.1679239422639678
2022-01-11,0.15324424846271673,-2.85110631668139,-0.6657084675738463
2022-01-12,-1.0049292095562907,0.6817186688528456,-0.7661578443659071
2022-01-13,0.2573351322361049,0.5313363872430322,1.1788976027439753
2022-01-14,1.398488460464689,0.3331127638029463,-0.86027713977934
2022-01-15,-0.28909565248691627,-0.5810924704484173,-0.15366802157476306
2022-01-16,0.553287435859657,-1.21428406310149,0.30050482382471805
2022-01-17,-0.2870887782966394,1.020042627646628,2.457409149407969
2022-01-18,1.212158929618826,-1.5639913520848117,0.8030769319024221
2022-01-19,0.5009774264932759,-1.1048196467136266,0.39967276469369306
2022-01-20,-0.7792612289555045,1.4693054242390828,0.0836179363065518
2022-01-21,0.4174713877868395,0.4622035390599047,-0.006405312043679534
2022-01-22,0.38544128081658385,-0.1149233449300863,-0.31588990490193736
2022-01-23,0.17550909293656122,1.109966128275061,-1.1259929194320744
2022-01-24,-0.305707954814913,1.0504863803969784,0.8958450930248117
2022-01-25,-0.7466941006170518,-0.8326858016262083,-0.6706022154898432
2022-01-26,2.1107133200236268,-1.3548873161740864,0.7336299120897478
2022-01-27,0.1728568513334062,0.7614156027258722,0.6639781362906272
2022-01-28,-0.994147934652124,0.6750708275914231,-0.5965429531862009
2022-01-29,0.6854436498428279,-0.06645634183966712,-1.2843593798520423
2022-01-30,-0.6447246879351796,1.5395818546250333,0.45422961812193713
2022-01-31,-0.6595862636788092,1.3356092752031439,0.8955761757301614
2022-02-01,0.11434475249721593,0.7277921279078177,-0.1276957417100786
2022-02-02,-1.1864414891631099,-0.3843915792518247,-1.3770676720677155
2022-02-03,-1.5569024592707832,-0.34641172250979707,-0.5890189596428145
2022-02-04,-0.5749037585469344,-0.4566139802610932,-2.692651503680651
2022-02-05,-1.5738142973089813,-0.012746116738777834,-0.41429727487483536
2022-02-06,1.1655484596501418,-1.8220383378550558,1.0173893617688847
2022-02-07,0.12272115280595855,0.2867409561223329,-1.518569961828903
2022-02-08,1.324824776946006,-0.8115102885126987,-1.416262199746994
2022-02-09,-1.525222854064479,-1.107648565058045,0.6507039325357842
2022-02-10,2.134114823101896,1.5327041466921658,-1.276492065157141
2022-02-11,-0.04792232504695566,-0.9039445947456386,-0.08534508980289826
2022-02-12,-1.3722391111899344,-0.05790042264992597,1.1085695014656485
2022-02-13,-1.286201743776124,-0.8576320624828669,-0.4820068641999983
2022-02-14,0.6346501276233546,1.1533545685112536,0.7985420192447144
2022-02-15,-3.0979939168017125,1.7859087191204388,-1.0661191537370789
2022-02-16,-0.3441045271690985,-0.02800850003268895,0.21675286626873375
2022-02-17,-0.25055759537897393,-0.2506937151130031,0.48409216310775033
2022-02-18,0.13993695451250326,0.09405568539486235,0.8148482798267561
2022-02-19,-0.5762576110874867,1.2842862587094939,-1.4033580574178952
2022-02-20,0.11780719319023035,0.4846006751019994,0.9043283164752997
2022-02-21,0.8692659569368615,-0.9839243918485728,0.007924930234093347
2022-02-22,0.22214204969377888,-2.171790507623672,0.4184520144565673
2022-02-23,-0.41143876169773264,-0.12329311430090607,2.318365639359943
2022-02-24,-1.1344292074039724,-1.2442203940020728,-2.071053368479799
2022-02-25,-2.6288692974637047,-0.1277169127509946,0.4590128489690732
2022-02-26,-0.055457852448271575,-0.7842123705789873,1.336742112005009
2022-02-27,-2.715398001828143,-0.15113621515932768,0.906192588843276
2022-02-28,-2.005557771844916,0.503878290972874,0.1174360260425189
2022-03-01,-1.3039049260563873,0.037860471250936424,0.27764345673185337
2022-03-02,-0.7315062916307763,0.2995748666463154,0.44428405040316155
2022-03-03,0.7353024775045082,-0.6495265626840189,0.4839363137847523
2022-03-04,0.3344577870467012,-0.30782651315226156,-0.24562151525555345
2022-03-05,0.23857672476743993,-0.4976617284652325,-2.0322235862290543
2022-03-06,-1.391454126243329,-0.7417288361490311,1.4769440817621842
2022-03-07,1.6193019848836019,-0.2960826550718584,-0.7459959178671371
2022-03-08,0.5014281273780307,-1.287709042089166,0.3739743873412072
2022-03-09,-1.8422574766058704,-1.6356080050210362,0.9136283352463284
2022-03-10,1.7794319613052434,1.1175263879697794,1.0212832121274873
2022-03-11,0.7337441661732476,1.7283983128819924,-0.2069984835779602
2022-03-12,-0.5591066341518192,0.8987132395838995,2.7052711727945127
2022-03-13,-1.6501539975012367,0.6586940659661112,-0.2600049208309143
2022-03-14,0.14706491627534893,0.7094168708764015,-0.8312178679944499
2022-03-15,-0.6458320016011688,1.3376925655990457,0.17493022324373803
2022-03-16,-1.7976240322242036,0.3385745298537469,1.2160661302970397
2022-03-17,1.9604744029933352,-0.25447773804998375,0.025434492621435996
2022-03-18,-0.4221838526315999,-1.2819171369842146,0.7607958552621805
2022-03-19,0.40588740473443125,0.6992278307003547,-0.9887422453000547
2022-03-20,1.084672258708468,-0.3540885399980509,0.5560805400189475
2022-03-21,0.12116276691989353,-1.3988344357097782,-0.6479600350865594
2022-03-22,0.5722543148065306,-0.8508272399135332,0.46826337696102266
2022-03-23,0.9548436414806127,0.20161331663685125,-0.39302162911473826
2022-03-24,-0.7446277119496271,0.5817879903988664,0.3100488245908815
2022-03-25,-1.8413689961224897,-1.223934275374354,0.1472285181371482
2022-03-26,-0.8794107540841193,1.0194995852046946,0.6673151079453759
2022-03-27,-1.2972810513858373,-0.16049345956251412,-0.18406279752141574
2022-03-28,-0.31506973183099274,0.9187957297854253,-0.8355279272677597
2022-03-29,-1.195819727610822,-0.2222148403142065,-0.41265402856217076
2022-03-30,-2.374721040226325,0.25890985355392865,0.47371011552484726
2022-03-31,1.727991805858612,-0.002259374037654177,1.4858140006659653
2022-04-01,1.0851141685531491,1.4610158378718678,-0.2930212930927673
2022-04-02,-0.873375551974764,-0.4837162411021468,-1.4586002985133664
2022-04-03,-0.7654892862871834,-0.12032277764485028,0.7067851631918011
2022-04-04,-0.31235575935322457,-0.046395848472398624,-0.8736401901801357
2022-04-05,-1.5734348114748238,-1.2682990301634596,0.17478696074242542
2022-04-06,1.1771130543447688,-0.40553595550122856,0.6171708535670865
2022-04-07,-0.1785995071495978,-0.8365030357716773,0.4568111160916366
2022-04-08,0.5878083363621311,-0.026024451999570933,-0.5467789869140968
2022-04-09,-0.35837621970690675,0.35049441588397423,-0.25226912990085304
2022-04-10,0.28910193035907417,1.0104022948766862,-0.9525110000537493
2022-04-11,-0.1903795754153112,-0.8090512525768356,-0.041724489332648856
2022-04-12,0.3614001887287445,0.8939052786607391,-2.2358284704806692
2022-04-13,0.13415095624594853,-0.24585939066504778,0.669357118568212
2022-04-14,0.055474691364772656,-1.8123401076041346,1.108073042306804
2022-04-15,-1.2794408943758144,0.7173534227169545,-0.288974446827449
2022-04-16,0.821162927401891,0.07315278287845067,-2.164623689643653
2022-04-17,-0.11601024350454944,-1.7704285983827728,-1.4758105433012452
2022-04-18,0.8466306188037283,0.14345998749173466,-0.5922239542529297
2022-04-19,0.46969318935135157,-0.11469599718534648,-0.2698969424392307
2022-04-20,1.2874657296408696,2.0396639403171286,-0.27384496442844736
2022-04-21,0.18610061573606032,-1.2352243459908117,-0.8011115090051035
2022-04-22,-0.9609649052848449,0.28328730344378283,0.2371087319881609
2022-04-23,0.7751975318881984,-0.9524587318080578,2.7426429047051224
2022-04-24,1.6200604080802614,0.4232965720036013,2.775854377365375
2022-04-25,-0.5608904520660855,-0.5174714797856717,1.9439259949409229
2022-04-26,2.0913901276106714,0.22570605945471137,1.1217818278450342
2022-04-27,0.8008572599684208,-0.040622082438454096,-1.6698210923295915
2022-04-28,0.4063515283662453,-1.0838167984675837,1.652447850289152
2022-04-29,-0.6157420545812234,-0.6155603044123208,-2.5742965469521946
2022-04-30,-0.02132903507818318,0.6954845446432529,0.9707158795208178
2022-05-01,-0.7365432436646776,-1.7977752249122365,1.390580237582364
2022-05-02,-0.5272050390721416,1.7834569028854426,0.49953369528331176
2022-05-03,0.3568719047033632,0.3305659487853743,0.9404640916121276
2022-05-04,-0.09704860896900849,1.9997562879175197,0.8386745029327272
2022-05-05,0.305150946679137,-0.3198395789132076,1.367559748246701
2022-05-06,0.08409068333603867,0.9998750571162237,-0.8853692021840184
2022-05-07,-0.6395368456205355,0.14667467510456297,-0.4388781615272546
2022-05-08,0.8933733494370056,-1.249769428310576,2.0550866877209004
2022-05-09,0.7026652299471239,-0.21561791918262047,-0.5127254806953081
2022-05-10,0.6604407493774715,-0.0771650304987549,-0.05241259333313258
2022-05-11,-0.8980436273332287,-2.057333124447877,0.8480510227619316
2022-05-12,0.7391113079252658,-0.5609960802766297,-0.37908694392843906
2022-05-13,-0.22097141103001153,1.3330155330774374,-0.24193451379035588
2022-05-14,0.29082636918873767,2.45647044120864,1.643011466247284
2022-05-15,-1.2895041403379819,-0.43553450610743116,-0.23675999117594088
2022-05-16,0.11329564247316225,-1.8005049223965626,-3.1559017018089843
2022-05-17,-0.6686292482626045,0.8379030028031417,-1.5550159399305177
2022-05-18,0.9421915434890281,-0.31210714517179916,-0.1024644597309999
2022-05-19,-0.3912949666504494,0.07707573141097604,1.0561969741461599
2022-05-20,-1.4744601854717176,1.5243959224674843,-0.005171334180034535
2022-05-21,0.47999072626887845,-0.7261958170684966,2.1275349632039635
2022-05-22,0.06848443906094387,1.2758508834534084,0.09894886111292367
2022-05-23,-1.2897172943043536,0.8963300501943559,-0.14920599123319944
2022-05-24,-2.0914651430855913,0.08297755261236182,-1.356235105316974
2022-05-25,2.08502574532155,1.1600665053932784,1.2364481289537943
2022-05-26,-0.22962239934250117,1.538669800510259,0.8242361250175239
2022-05-27,-0.7149131461248953,0.7906844993855567,0.9880460322282242
2022-05-28,0.06787258886723882,-0.7048208770287004,-0.2718327184615285
2022-05-29,-1.134508324519378,-0.21737098082625253,-0.5958435470954838
2022-05-30,-0.1562706753727904,-1.8875747401153322,1.3380589811644013
2022-05-31,0.6052844427211522,1.3798735619128972,-0.8781628333906543
2022-06-01,-0.8950081143251847,1.5318658173612476,-0.9732814621117918
2022-06-02,-0.483560784524369,-0.9028830431146004,-0.10446747683555158
2022-06-03,0.9283682711137006,-1.4320062407128342,0.7654574072094119
2022-06-04,0.23910112824143334,-1.23229269187649,0.15629538005862814
2022-06-05,0.8064651460031933,1.1947783925663034,-0.48018267460615444
2022-06-06,-0.32469649083533125,0.0187651958338505,-0.25991539210765596
2022-06-07,-0.2940246269530854,1.966829601804514,-1.4078546153425915
2022-06-08,0.5511514105694203,0.31495411522154687,1.0826867107048144
2022-06-09,-2.425493884332659,-0.4523438297302557,-0.005393734691939693
2022-06-10,0.7736481879293142,0.3494162218083903,-0.10652850941684083
2022-06-11,0.2911870509025237,1.9923753013409446,0.08508205145003123
2022-06-12,-0.6777044601405878,0.43905836105037044,-1.1296418939843484
2022-06-13,1.9504145048469224,0.9090778118238241,0.7429684934112778
2022-06-14,-1.0436936075550927,-0.1896766609877327,-0.8013612206906379
2022-06-15,0.4279383048588957,-1.1331103841403323,1.4017593285132064
2022-06-16,1.7423140875083767,0.6106674893328556,1.362376757835606
2022-06-17,0.4404601007243515,-1.5208477834535967,0.8895300331643515
2022-06-18,-2.882077777956758,0.6923262453040532,-1.2597604597115422
2022-06-19,-0.934473943392115,-0.400247230595386,-1.8021379439640668
2022-06-20,-0.7127849351109031,-0.5148327775937112,0.002291222040582057
2022-06-21,-1.325013329204337,-0.403540769342789,0.09102260672341633
2022-06-22,-1.142574514421124,-1.1345898575383373,-0.13397001061975203
2022-06-23,0.8851382956213328,-0.11540280876558909,1.5620470296913012
2022-06-24,1.7847919119911702,0.025747657338040113,1.122443579298812
2022-06-25,-2.7396740894886467,-0.217442712155123,0.3096504254894931
2022-06-26,-1.6017528468725906,0.31926730764787437,0.7422795707583788
2022-06-27,1.0884195839702744,1.0773412601893493,-1.2318189437602654
2022-06-28,1.0778135175981343,0.30804052616753036,-0.8712516187695676
2022-06-29,-1.8941142572278262,-1.1143140438083432,-0.7120411707815447
2022-06-30,-0.013184768527619926,-0.28265056505824887,1.4508533685893057
2022-07-01,-1.4017869162121945,-0.010774508157737187,0.025366122620130133
2022-07-02,0.6796806062528833,-1.0047836395911005,1.759278867003894
2022-07-03,1.4183856767152028,-0.22296409292905442,-0.21353138977168223
2022-07-04,-0.15003984213466146,1.7677196942544253,0.05839763102570919
2022-07-05,2.1285014885604716,-0.7409627593544429,0.32201725342279264
2022-07-06,-0.769779775748408,-0.0875082091249942,-0.23445728221753978
2022-07-07,0.6019368426524636,3.7491997398408388,1.0250791137968929
2022-07-08,0.2770467741687317,-0.4041090516350505,0.5299047309547484
2022-07-09,0.9578966221559508,-0.05276288438367963,0.8869844309392007
2022-07-10,1.852264677921233,2.2764519083637302,-0.16298205884227465
2022-07-11,-0.8394553803245479,-0.928555949871982,0.40288564013527917
2022-07-12,-1.9593163808653955,0.9837479124430555,0.952787993190248
2022-07-13,0.8864758967920476,-0.5576171179974959,-0.6487501601208131
2022-07-14,0.10231228154550867,-1.6320670018585686,-1.3112568843857324
2022-07-15,0.3254871435551198,2.4092547435273017,-0.20515090765419913
2022-07-16,-0.7877806075109096,0.04524211579320193,1.7394191315791063
2022-07-17,-1.3423272249443459,-0.7245658810024602,-0.5738532620982688
2022-07-18,-0.6251108835738999,1.5267392776491908,-1.0715014334960942
2022-07-19,0.5265130879396659,-0.9167500313202106,0.4640544206271004
2022-07-20,-0.17429499548282773,-0.013599854905401733,1.0161255753974379
2022-07-21,0.4075140371207464,0.3775113114460973,-0.20500289321596835
2022-07-22,1.0669920702077664,-0.323669097862768,-0.6296183759853393
2022-07-23,0.24861623488106568,-0.6277410119200888,-0.27775971683982575
2022-07-24,-0.13558695036871404,-0.6770265713576383,-0.2718285851120045
2022-07-25,0.9640247616805186,-0.9681294492632447,-2.2303704811771743
2022-07-26,-0.7091115651006037,-0.025407642218293156,0.9458160308849094
2022-07-27,-0.08479650954400277,-0.948487726847676,0.1659333566753295
2022-07-28,-0.5381113802908425,-0.07851470133961092,0.34042678146093514
2022-07-29,1.084380893254423,-0.8782668831611511,-1.0220803448003044
2022-07-30,-0.6490248721635055,0.29250328714000745,0.584771061964027
2022-07-31,-0.17216814631792088,-1.5876224108926262,-1.1822328430429285
2022-08-01,-0.9056222739796158,0.019010219428765022,0.9327151223882209
2022-08-02,-0.266842408465392,-0.42967960536363015,-0.4098558913600577
2022-08-03,0.32309285164120316,1.7512662482485999,0.9447651373777529
2022-08-04,1.5964164219136803,0.09069357607392632,0.5385714606175439
2022-08-05,0.49782001263750847,0.518540747063704,1.7474357249940573
2022-08-06,0.43659492731595645,0.9170541605930338,-0.45171164260601715
2022-08-07,1.2273061197773374,0.27151074155384575,0.9830409800259348
2022-08-08,0.9874358381834631,-1.316950768063052,1.2372793413483938
2022-08-09,-0.42110808809420497,-1.365806352728499,0.016893206845305337
2022-08-10,0.9733243475631864,-0.2285702639506873,-0.729656764959345
2022-08-11,1.2885202376236333,0.03473830999121536,0.1652899469388098
2022-08-12,-0.08696249164130458,1.0212623618431729,1.8564137316181013
2022-08-13,0.3334186957454114,-0.20030821581346547,-0.4277500242838333
2022-08-14,0.03199930623855331,-2.010450134601737,-0.9038606481185852
2022-08-15,0.4201466048518498,2.551431439277403,-0.31529163268767896
2022-08-16,-1.824478784370955,0.3639036845087619,-1.100183917973087
2022-08-17,0.22529695273341493,-0.7487097602688232,-2.794697528019005
2022-08-18,0.36917893875376434,1.0917271982662091,0.35245038606701007
2022-08-19,1.9283550081980756,-0.6801557427042649,1.9607126694086077
2022-08-20,0.6409132451966403,2.1095361261832886,1.0908583758082702
2022-08-21,1.5102065200735921,-3.0587685579638877,0.23902662984408068
2022-08-22,-0.19510394633157224,1.1405832721643525,-0.9295244202353414
2022-08-23,0.5688703540424418,-0.031199412512425168,-0.05720410720075784
2022-08-24,-1.3109257052845078,-0.5423778129836815,-0.7349553575278129
2022-08-25,-0.013922889784003014,-0.32768207769855845,-0.494165907770719
2022-08-26,0.8400862693212765,1.209187145247598,-1.609172425303156
2022-08-27,-0.22579136802045682,1.3471758633185285,-3.149541109623474
2022-08-28,-1.4799305267842555,-0.7064843461644601,-1.4227163567300374
2022-08-29,0.6073696903654703,-1.0422613272649826,0.4402263924847109
2022-08-30,-0.4704713344377261,-0.5685964367303997,0.42071103016804035
2022-08-31,-1.6465228401025422,-0.9251282380727575,0.27986627981310247
2022-09-01,0.7613033530315424,-0.5431767713371072,1.0884220881274973
2022-09-02,-0.3385404019787847,-0.2477247968048257,-0.6020101550985995
2022-09-03,-1.38002374185089,0.5122262258029449,-1.2048823179851853
2022-09-04,-0.9772259912277205,-0.7725036924319709,1.2065639355975415
2022-09-05,1.7872977380606208,0.5641396530126114,-1.6079320376450439
2022-09-06,-0.2745733121635642,0.2609482236632618,0.16721813153826617
2022-09-07,0.11555601073378477,-0.5102483137171588,1.7448635822923138
2022-09-08,0.8344213598194777,-1.8704358925298255,0.40584648367296083
2022-09-09,-0.15939961883558715,0.10811235938431166,-0.626524846526693
2022-09-10,0.9215142471611628,0.5666575738715609,-0.2575961719482502
2022-09-11,1.2910782555911182,-1.2261863680683105,-0.4635732576086775
2022-09-12,-1.295434424624657,0.6814866266993888,0.8914261420444729
2022-09-13,1.6728907882469914,0.9912513310929286,1.2413934058541456
2022-09-14,0.429346775924939,0.43662681381759794,0.5972863571449608
2022-09-15,0.17696465362320865,1.0896881829542064,0.08065559830529295
2022-09-16,0.8246992122969413,-1.0017204320167004,2.3363228067625506
2022-09-17,-1.5729040696960495,-1.9882245850089677,1.1289517763631496
2022-09-18,0.44487278211317954,1.7784167258912638,-0.2917820861463283
2022-09-19,-0.43504733500598614,1.4217121597233748,1.293328339976078
2022-09-20,-0.3454255469911818,-0.0007198262769107874,-0.2984032682270138
2022-09-21,1.4596684692954753,0.29158777046904566,-0.5676233066499465
2022-09-22,-1.4681958313260175,-1.0382286405963534,-1.3016786114159609
2022-09-23,0.2373490163383073,0.877902280033307,1.7135526330594477
2022-09-24,-0.5117677584088204,-0.19832633204192626,-0.02876154424269281
2022-09-25,-1.3539559023517103,0.9091444619009685,2.3003945174975264
2022-09-26,-1.2088908717383777,-0.14350693503401787,-2.7145161872866237
2022-09-22,-1.4681958313260175,-1.0382286405963534,-1.3016786114159609
2022-09-23,0.2373490163383073,0.877902280033307,1.7135526330594477
2022-09-24,-0.5117677584088204,-0.19832633204192626,-0.02876154424269281
2022-09-25,-1.3539559023517103,0.9091444619009685,2.3003945174975264
2022-09-26,-1.2088908717383777,-0.14350693503401787,-2.7145161872866237
